"0","str(miR_520d_5p_mirwalk_targets)"
"1","'data.frame':	"
"1",""
"1","17799"
"1",""
"1"," obs. of  "
"1",""
"1","21"
"1",""
"1"," variable"
"1",""
"1","s"
"1",""
"1",":"
"1",""
"1","
"
"1"," "
"1",""
"1","$ "
"1",""
"1","mirnaid                     "
"1",""
"1",":"
"1"," chr  "
"1",""
"1","""hsa-miR-520d-5p"" ""hsa-miR-520d-5p"" ""hsa-miR-520d-5p"" ""hsa-miR-520d-5p"""
"1",""
"1"," ..."
"1",""
"1","
"
"1"," "
"1",""
"1","$ "
"1",""
"1","refseqid                    "
"1",""
"1",":"
"1"," chr  "
"1",""
"1","""NM_201569"" ""NM_001190943"" ""NM_001351275"" ""NM_001352618"""
"1",""
"1"," ..."
"1",""
"1","
"
"1"," "
"1",""
"1","$ "
"1",""
"1","genesymbol                  "
"1",""
"1",":"
"1"," chr  "
"1",""
"1","""SMG7"" ""TNFSF10"" ""DLG2"" ""MEF2A"""
"1",""
"1"," ..."
"1",""
"1","
"
"1"," "
"1",""
"1","$ "
"1",""
"1","duplex                      "
"1",""
"1",":"
"1"," chr  "
"1",""
"1","""CTACAAAGGGAAGCCCTTTC#AGGGTTTATTTTCTGGGAGGTCTCTCCTTTGTGT#.(((((((((.((.((((((#.)))))).)).)))))))))."" ""CTACAAAGGGAAGCCCTTTC#GAAACATGTGAGGGTGGAGAGAGTGACTGGGGCTTCCTCTCTGG#...((.(((((((((((...#.))))))))).)).))."" ""CTACAAAGGGAAGCCCTTTC#GAAAGGAATCCCTTTGGAGA#((.((((((((...((((((#))))))..)))))))).))."" ""CTACAAAGGGAAGCCCTTTC#AGAGGGCCCCCTACTTGTT#..((((((((..(((((((.#))))))).))))..))))."""
"1",""
"1"," ..."
"1",""
"1","
"
"1"," "
"1",""
"1","$ "
"1",""
"1","start                       "
"1",""
"1",":"
"1"," int  "
"1",""
"1","3815 691 5148 2219 9816 8695 8755 8868 8672 8595"
"1",""
"1"," ..."
"1",""
"1","
"
"1"," "
"1",""
"1","$ "
"1",""
"1","end                         "
"1",""
"1",":"
"1"," int  "
"1",""
"1","3849 735 5168 2238 9834 8716 8776 8889 8693 8616"
"1",""
"1"," ..."
"1",""
"1","
"
"1"," "
"1",""
"1","$ "
"1",""
"1","bindingp                    "
"1",""
"1",":"
"1"," num  "
"1",""
"1","0.801 0.805 0.808 0.808 0.808"
"1",""
"1"," ..."
"1",""
"1","
"
"1"," "
"1",""
"1","$ "
"1",""
"1","energy                      "
"1",""
"1",":"
"1"," num  "
"1",""
"1","-18.6 -20.1 -19.2 -17.3 -25.8 -17.3 -17.3 -17.3 -17.3 -17.3"
"1",""
"1"," ..."
"1",""
"1","
"
"1"," "
"1",""
"1","$ "
"1",""
"1","seed                        "
"1",""
"1",":"
"1"," int  "
"1",""
"1","1 0 0 1 0 1 1 1 1 1"
"1",""
"1"," ..."
"1",""
"1","
"
"1"," "
"1",""
"1","$ "
"1",""
"1","accessibility               "
"1",""
"1",":"
"1"," num  "
"1",""
"1","3.19e-05 2.05e-06 1.12e-03 1.89e-03 3.85e-06"
"1",""
"1"," ..."
"1",""
"1","
"
"1"," "
"1",""
"1","$ "
"1",""
"1","au                          "
"1",""
"1",":"
"1"," num  "
"1",""
"1","0.529 0.588 0.618 0.559 0.5 0.691 0.691 0.691 0.691 0.691"
"1",""
"1"," ..."
"1",""
"1","
"
"1"," "
"1",""
"1","$ "
"1",""
"1","phylopstem                  "
"1",""
"1",":"
"1"," num  "
"1",""
"1","4.7 0 4.16 0 6.78"
"1",""
"1"," ..."
"1",""
"1","
"
"1"," "
"1",""
"1","$ "
"1",""
"1","phylopflank                 "
"1",""
"1",":"
"1"," num  "
"1",""
"1","3.07 0 5.28 0 5.27"
"1",""
"1"," ..."
"1",""
"1","
"
"1"," "
"1",""
"1","$ "
"1",""
"1","me                          "
"1",""
"1",":"
"1"," num  "
"1",""
"1","-7.47 -8.42 -10.99 -11.13 -9.96"
"1",""
"1"," ..."
"1",""
"1","
"
"1"," "
"1",""
"1","$ "
"1",""
"1","number_of_pairings          "
"1",""
"1",":"
"1"," int  "
"1",""
"1","17 13 16 15 15 15 15 15 15 15"
"1",""
"1"," ..."
"1",""
"1","
"
"1"," "
"1",""
"1","$ "
"1",""
"1","binding_region_length       "
"1",""
"1",":"
"1"," int  "
"1",""
"1","21 17 20 19 18 21 21 21 21 21"
"1",""
"1"," ..."
"1",""
"1","
"
"1"," "
"1",""
"1","$ "
"1",""
"1","longest_consecutive_pairings"
"1",""
"1",":"
"1"," int  "
"1",""
"1","9 9 8 7 13 9 9 9 9 9"
"1",""
"1"," ..."
"1",""
"1","
"
"1"," "
"1",""
"1","$ "
"1",""
"1","position                    "
"1",""
"1",":"
"1"," chr  "
"1",""
"1","""3UTR"" ""3UTR"" ""3UTR"" ""3UTR"""
"1",""
"1"," ..."
"1",""
"1","
"
"1"," "
"1",""
"1","$ "
"1",""
"1","validated                   "
"1",""
"1",":"
"1"," chr  "
"1",""
"1",""""" """" """" """""
"1",""
"1"," ..."
"1",""
"1","
"
"1"," "
"1",""
"1","$ "
"1",""
"1","TargetScan                  "
"1",""
"1",":"
"1"," int  "
"1",""
"1","0 0 0 0 0 0 0 0 0 0"
"1",""
"1"," ..."
"1",""
"1","
"
"1"," "
"1",""
"1","$ "
"1",""
"1","miRDB                       "
"1",""
"1",":"
"1"," int  "
"1",""
"1","0 0 1 1 1 0 0 0 0 0"
"1",""
"1"," ..."
"1",""
"1","
"
